{"accuracy": [0.6772068738937378, 0.7143610119819641], "loss": [0.6420944333076477, 0.5886056423187256], "roc_auc": [0.7397038340568542, 0.7777901291847229], "val_accuracy": [0.7476291060447693, 0.7534246444702148], "val_loss": [0.590070903301239, 0.5655796527862549], "val_roc_auc": [0.7903310656547546, 0.8014987111091614], "holdout_precision_0": [0.9047619047619048, 0.9007901668129938], "holdout_recall_0": [0.8898071625344353, 0.9421487603305785], "holdout_f1_0": [0.8972222222222223, 0.9210053859964094], "holdout_precision_1": [0.8915989159891599, 0.9393647738209817], "holdout_recall_1": [0.90633608815427, 0.8962350780532599], "holdout_f1_1": [0.8989071038251366, 0.9172932330827067], "holdout_roc_auc": [0.9598902456403083, 0.9701480958681058], "holdout_ap": [0.9613475389718612, 0.9721394468742387]}