{"accuracy": [0.5631093382835388, 0.6005269885063171, 0.6420289874076843], "loss": [1.1651498079299927, 0.7971414923667908, 0.7214199304580688], "roc_auc": [0.5896376371383667, 0.6493446230888367, 0.6969356536865234], "val_accuracy": [0.6612223386764526, 0.694942057132721, 0.739199161529541], "val_loss": [0.6829479336738586, 0.6604640483856201, 0.6202337145805359], "val_roc_auc": [0.7188954949378967, 0.7597310543060303, 0.803413450717926], "holdout_precision_0": [0.8493317132442284, 0.8928974069898534, 0.9273422562141491], "holdout_recall_0": [0.6418732782369146, 0.7272727272727273, 0.8907254361799817], "holdout_f1_0": [0.7311715481171548, 0.8016194331983806, 0.9086651053864169], "holdout_precision_1": [0.7121771217712177, 0.7699457784663052, 0.8948763250883393], "holdout_recall_1": [0.8861340679522498, 0.9127640036730946, 0.9302112029384757], "holdout_f1_1": [0.7896890343698855, 0.8352941176470589, 0.9122017109410175], "holdout_roc_auc": [0.88600716236579, 0.9205587893291374, 0.954517206458103], "holdout_ap": [0.895211486771686, 0.9363129603528938, 0.9588121803641274]}