{"accuracy": [0.7220026254653931, 0.746772050857544, 0.748089611530304], "loss": [0.5784023404121399, 0.5574676990509033, 0.5526923537254333], "roc_auc": [0.7810977697372437, 0.8048093318939209, 0.806415319442749], "val_accuracy": [0.7539515495300293, 0.760800838470459, 0.7639620900154114], "val_loss": [0.5552752017974854, 0.5564199686050415, 0.5495753884315491], "val_roc_auc": [0.8077523112297058, 0.8198481202125549, 0.8343528509140015], "holdout_precision_0": [0.9078467153284672, 0.9169776119402985, 0.9037620297462817], "holdout_recall_0": [0.9136822773186409, 0.9026629935720845, 0.9485766758494031], "holdout_f1_0": [0.9107551487414187, 0.9097639981490051, 0.9256272401433692], "holdout_precision_1": [0.9131238447319778, 0.9041591320072333, 0.9458937198067633], "holdout_recall_1": [0.9072543617998163, 0.9182736455463728, 0.898989898989899], "holdout_f1_1": [0.9101796407185628, 0.9111617312072893, 0.9218455743879472], "holdout_roc_auc": [0.9620784183769406, 0.9545180496845911, 0.9620497486763453], "holdout_ap": [0.9614001349352845, 0.9528701155540573, 0.9651016009814876]}